{"cameraMode":{"drawMode":0,"name":"Shaded","section":"Shading Mode"},"sceneLighting":false,"audioPlay":false,"sceneViewState":{"showFog":true,"showMaterialUpdate":true,"showSkybox":true,"showFlares":true,"showImageEffects":true,"showParticleSystems":true},"in2DMode":false,"pivot":{"x":0.10199999809265137,"y":1.0,"z":17.899999618530275},"rotation":{"x":-0.17316506803035737,"y":0.5003150701522827,"z":-0.10288414359092713,"w":-0.8420888781547546},"size":2.0617761611938478,"orthographic":false}